rank_test_f1_macro,param_svm__kernel,param_svm__C,param_svm__gamma,param_svm__degree,mean_test_f1_macro,std_test_f1_macro,mean_test_accuracy,std_test_accuracy,mean_test_f1_weighted,mean_fit_time
1,rbf,10.0,0.01,,0.5773540612256906,0.0076853917205272826,0.6453201407282769,0.008640952201422811,0.590483522659951,0.9674089908599853
2,poly,1.0,scale,2.0,0.577071567448963,0.006708727306792969,0.6451409295473026,0.008272035529164766,0.5899377337696811,1.1742157459259033
3,rbf,1.0,auto,,0.5759147703171719,0.009115198380670646,0.6447823461690187,0.009702955423734068,0.5904130674291574,0.8807120323181152
4,rbf,1.0,scale,,0.5758802350341151,0.006019201512358409,0.6440642133144407,0.00869618571751028,0.5906510498670979,0.7972585678100585
5,poly,1.0,auto,2.0,0.5728991257069688,0.006556385131863081,0.6437053079034868,0.007823482965471787,0.5882096955350067,1.080341386795044
6,poly,10.0,auto,2.0,0.5726895971981336,0.0067407667122836145,0.641910619832382,0.0068900320373224,0.5888689291988273,1.4138100147247314
7,rbf,1.0,0.01,,0.5716211054846086,0.005879965946585864,0.6440642133144407,0.007982425917063964,0.5880398281150192,0.8112770557403565
8,rbf,0.1,0.1,,0.5715656540633185,0.0063658093953247565,0.6363504037484603,0.010208877521945457,0.5852345746382606,1.0940982341766357
9,rbf,100.0,0.01,,0.5713983181321277,0.00561282925272046,0.6383212436901724,0.0041798940728598995,0.593752392902028,1.7623126029968261
10,linear,1.0,,,0.5708514213620199,0.008361003107730393,0.6438846801007962,0.007306052385964493,0.5878592123944735,3.4230116844177245
11,linear,0.1,,,0.5706218215510553,0.006162353258350897,0.6444227966927245,0.006940316960193523,0.5886330990593309,1.1099629402160645
12,rbf,0.1,scale,,0.5705506616809928,0.007617054838639254,0.636171192567486,0.011576504110581799,0.5834798524894317,1.0552030563354493
13,linear,10.0,,,0.5702829965551169,0.00805093303212273,0.6431667082625532,0.006591143060692553,0.5874590683206643,9.002850580215455
14,poly,10.0,scale,3.0,0.5701983638932873,0.005034541137810424,0.632402605244302,0.007209445469688354,0.5998103050296877,1.5566189765930176
15,rbf,10.0,scale,,0.5701181948873871,0.005021031621823752,0.6322225889816522,0.006353445956289334,0.5985707120259642,0.9795001029968262
16,poly,1.0,scale,3.0,0.5693253620966316,0.005299251889557763,0.6393989260210449,0.006716007790228874,0.5883804620916651,1.068271017074585
17,rbf,1.0,0.1,,0.5693121896861045,0.008274761271503173,0.6372464596533319,0.007240641423356182,0.5908536723450718,0.9932410240173339
18,rbf,10.0,auto,,0.5689784373346243,0.01161749332875097,0.6383212436901723,0.007658637442448113,0.5910675036821649,0.9215067386627197
19,poly,10.0,auto,3.0,0.5656770347538299,0.0046376061335606355,0.6374259928669763,0.006577795177350851,0.5875208380653177,1.0194778442382812
20,poly,10.0,scale,2.0,0.5651376294434624,0.010218615547568737,0.6368859440790269,0.005483090789043778,0.5892148874756754,1.4832117080688476
21,rbf,100.0,auto,,0.5651253003927413,0.005702495083630215,0.6169736979816601,0.007677968310111656,0.6001080634091955,1.9845650672912598
22,rbf,10.0,0.1,,0.5647202120661535,0.007620259735514536,0.6141018106286882,0.0095901641705931,0.6035072777854156,1.0394023418426515
23,rbf,100.0,scale,,0.56141343136453,0.006629981216761879,0.6081805959214562,0.004242205510865235,0.6003803294823336,2.298680830001831
24,rbf,0.1,auto,,0.5572218917174283,0.010245083072397252,0.6164342932590511,0.007051313311093782,0.5698630625187391,0.9780795097351074
25,poly,1.0,auto,3.0,0.5539979535026311,0.02405878565876289,0.6173364677846568,0.02211826594044351,0.5592615263827886,1.232543420791626
26,rbf,100.0,0.1,,0.5472532497559781,0.006966806338811876,0.5864715685406285,0.006428408798427455,0.5865576276352698,3.0400769233703615
27,poly,0.1,scale,2.0,0.5421172406819968,0.0257424127916793,0.6153625685325776,0.01937835773949921,0.5455970302861898,1.3363182544708252
28,poly,0.1,auto,2.0,0.510468222864952,0.015108318331643115,0.595980388210384,0.006540553345066617,0.5036420314405106,1.4608091354370116
29,poly,0.1,scale,3.0,0.5080375438545873,0.004776623969816248,0.5923937493458711,0.0054786118434230445,0.494457627881565,1.151566457748413
30,rbf,0.1,0.01,,0.49860397025233266,0.006794453289890829,0.5893431338609301,0.0022662270955023296,0.4870977844479678,1.0836137771606444
31,poly,0.1,auto,3.0,0.46590184275607605,0.00737214037093479,0.5866525509012889,0.005096388557769008,0.48465192728563594,1.4817311763763428
